{
    "gameDetails": {
        "blueprint7sdforspins": {
            "totalCount": 5,
            "availableCount": 5,
            "rewardIds": [
                596696510
            ],
            "optedIn": true
        },
        "blueprint5potsofriches": {
            "totalCount": 5,
            "availableCount": 5,
            "rewardIds": [
                596696510
            ],
            "optedIn": true
        },
        "ivyaztecgoldburiedtreasure": {
            "totalCount": 5,
            "availableCount": 5,
            "rewardIds": [
                596696510
            ],
            "optedIn": true
        },
        "eyeconbeatthebobbies": {
            "totalCount": 5,
            "availableCount": 5,
            "rewardIds": [
                596696510
            ],
            "optedIn": true
        },
        "blueprintbarxsafecrackermw": {
            "totalCount": 5,
            "availableCount": 5,
            "rewardIds": [
                596696510
            ],
            "optedIn": true
        },
        "blueprintsevenseasp": {
            "totalCount": 5,
            "availableCount": 5,
            "rewardIds": [
                596696510
            ],
            "optedIn": true
        },
        "ivyastonishinganimals": {
            "totalCount": 5,
            "availableCount": 5,
            "rewardIds": [
                596696510
            ],
            "optedIn": true
        },
        "blueprint7sdelreptr": {
            "totalCount": 5,
            "availableCount": 5,
            "rewardIds": [
                596696510
            ],
            "optedIn": true
        },
        "coralanimalsoftheamazon": {
            "totalCount": 5,
            "availableCount": 5,
            "rewardIds": [
                596696510
            ],
            "optedIn": true
        },
        "coral8888rainbowkoi": {
            "totalCount": 5,
            "availableCount": 5,
            "rewardIds": [
                596696510
            ],
            "optedIn": true
        },
        "eyecon99timemobile": {
            "totalCount": 5,
            "availableCount": 5,
            "rewardIds": [
                596696510
            ],
            "optedIn": true
        },
        "blueprint7sdelwldfp": {
            "totalCount": 5,
            "availableCount": 5,
            "rewardIds": [
                596696510
            ],
            "optedIn": true
        },
        "eyeconbeatthebobbiesatthetowermobile": {
            "totalCount": 5,
            "availableCount": 5,
            "rewardIds": [
                596696510
            ],
            "optedIn": true
        },
        "coralbanksofgold": {
            "totalCount": 5,
            "availableCount": 5,
            "rewardIds": [
                596696510
            ],
            "optedIn": true
        },
        "blueprint7sdfspins": {
            "totalCount": 5,
            "availableCount": 5,
            "rewardIds": [
                596696510
            ],
            "optedIn": true
        }
    },
    "gameTypeDetails": {},
    "errorCode": null,
    "errorCodeInteger": null,
    "errorDesc": null
}
