[
    {
        "wheels": [],
        "playerBasics": {
            "currency": "EUR",
            "currencySymbol": "€"
        },
        "promoDetails": {
            "startTime": "/Date(1726372800000)/",
            "endTime": "/Date(1726718400000)/",
            "id": 2171799,
            "promoStatus": "CURRENTY_RUNNING",
            "promoType": "SPIN_THE_WHEEL:SITE_CORE_TEMP_ID:52C4AF6C-8D73-4C08-8783-0DF2DC591D00",
            "timeZone": "CET",
            "cmsTempId": "52C4AF6C-8D73-4C08-8783-0DF2DC591D00"
        },
        "playerStatus": {
            "availableSpins": 1,
            "criteria": null,
            "eligibleSpins": 1,
            "expiryTime": 24
        }
    }
]