{
    "result": {
        "games_list": [
            {
                "insurance": false,
                "card_price_in_player_currency": {
                    "Cash": 0.4
                },
                "prebuy_enabled": true,
                "pjps": [
                    {
                        "name": "Assignjp",
                        "pjp_type": [
                            "regular"
                        ],
                        "value": {
                            "Cash_GBP": 175.494
                        }
                    }
                ],
                "max_player_limit": null,
                "feature_details": {},
                "tournament_enabled": false,
                "round_id": 8.254170488944E13,
                "features": [
                    "bonus_cash",
                    "bonus_tickets"
                ],
                "pot": {
                    "Freespins_GBP": 0.0,
                    "Points_GBP": 0.0,
                    "Cash_GBP": 0.0,
                    "Bonus_GBP": 2.0,
                    "Freetickets_GBP": 4.0
                },
                "chat_room_id": 108.0,
                "bingo_variant": "bingo",
                "id": "8254",
                "pot_in_player_currency": {
                    "Bonus": 2.0,
                    "Cash": 0.0
                },
                "card_price": {
                    "Cash_GBP": 0.4
                },
                "feature_win_info": {},
                "bonus_info": true,
                "exchange_rate": 1.0,
                "bingo_type": "30",
                "number_of_players": 0.0,
                "themeid": "",
                "gvc_game_type_id": "134217728",
                "game_tags": [
                    "new"
                ],
                "sort_weight": 0.0,
                "ticket_limits": {
                    "max_tickets": 120.0,
                    "min_tickets": 1.0
                },
                "lobby_inactive": false,
                "name": "PW30",
                "prebuy_process": null,
                "pjps_in_player_currency": [
                    {
                        "name": "Assignjp",
                        "value": {
                            "Cash": 175.494
                        }
                    }
                ],
                "status": {
                    "time_remaining": 77.0,
                    "state_start_time": 1.704889367805024E9,
                    "state_end_time": 1705077876,
                    "state": "waiting"
                },
                "currencies": [
                    "Cash_GBP"
                ]
            },
            {
                "insurance": false,
                "card_price_in_player_currency": {
                    "Cash": 0.1
                },
                "prebuy_enabled": true,
                "pjps": [],
                "max_player_limit": null,
                "feature_details": {},
                "tournament_enabled": false,
                "round_id": 8.255170489346E13,
                "features": [
                    "whack_a_bingo"
                ],
                "pot": {
                    "Freespins_GBP": 0.0,
                    "Points_GBP": 0.0,
                    "Cash_GBP": 6.0,
                    "Bonus_GBP": 0.0,
                    "Freetickets_GBP": 0.0
                },
                "chat_room_id": 107.0,
                "bingo_variant": "bingo",
                "id": "8255",
                "pot_in_player_currency": {
                    "Bonus": 0.0,
                    "Cash": 6.0
                },
                "card_price": {
                    "Cash_GBP": 0.1
                },
                "feature_win_info": {
                    "whack_a_bingo": {}
                },
                "bonus_info": false,
                "exchange_rate": 1.0,
                "bingo_type": "90",
                "number_of_players": 0.0,
                "themeid": null,
                "gvc_game_type_id": "288230376151711744",
                "game_tags": [
                    "new"
                ],
                "sort_weight": 0.0,
                "ticket_limits": {
                    "max_tickets": 100.0,
                    "min_tickets": 1.0
                },
                "lobby_inactive": false,
                "name": "Cashout",
                "prebuy_process": null,
                "pjps_in_player_currency": [],
                "status": {
                    "time_remaining": 4096.0,
                    "state_start_time": 1.704885263482874E9,
                    "state_end_time": 1705078876,
                    "state": "waiting"
                },
                "currencies": [
                    "Cash_GBP"
                ]
            },
            {
                "insurance": false,
                "card_price_in_player_currency": {
                    "Cash": 1.0
                },
                "prebuy_enabled": false,
                "pjps": [],
                "max_player_limit": null,
                "feature_details": {},
                "tournament_enabled": false,
                "round_id": 8.26917048895E13,
                "features": [
                    "cashout"
                ],
                "pot": {
                    "Freespins_GBP": 0.0,
                    "Points_GBP": 0.0,
                    "Cash_GBP": 6.0,
                    "Bonus_GBP": 0.0,
                    "Freetickets_GBP": 0.0
                },
                "chat_room_id": 108.0,
                "bingo_variant": "bingo",
                "id": "8269",
                "pot_in_player_currency": {
                    "Bonus": 0.0,
                    "Cash": 6.0
                },
                "card_price": {
                    "Cash_GBP": 1.0
                },
                "feature_win_info": {
                    "cashout": {}
                },
                "bonus_info": false,
                "exchange_rate": 1.0,
                "bingo_type": "90",
                "number_of_players": 0.0,
                "themeid": "",
                "gvc_game_type_id": "288230376151711744",
                "game_tags": [
                    "new"
                ],
                "sort_weight": 0.0,
                "ticket_limits": {
                    "max_tickets": 100.0,
                    "min_tickets": 1.0
                },
                "lobby_inactive": false,
                "name": "sit and go 90",
                "prebuy_process": null,
                "pjps_in_player_currency": [],
                "status": {
                    "time_remaining": 137.0,
                    "state_start_time": 1.704889312976663E9,
                    "state_end_time": 1705087876,
                    "state": "waiting"
                },
                "currencies": [
                    "Cash_GBP"
                ]
            },
            {
                "insurance": false,
                "card_price_in_player_currency": {
                    "Cash": 0.1
                },
                "prebuy_enabled": false,
                "pjps": [],
                "max_player_limit": null,
                "feature_details": {},
                "tournament_enabled": false,
                "round_id": 8.27117048895E13,
                "features": [
                    "royale_insurance"
                ],
                "pot": {
                    "Freespins_GBP": 0.0,
                    "Points_GBP": 0.0,
                    "Cash_GBP": 6.0,
                    "Bonus_GBP": 0.0,
                    "Freetickets_GBP": 0.0
                },
                "chat_room_id": 108.0,
                "bingo_variant": "battleroyale",
                "id": "8271",
                "pot_in_player_currency": {
                    "Bonus": 0.0,
                    "Cash": 6.0
                },
                "card_price": {
                    "Cash_GBP": 0.1
                },
                "feature_win_info": {},
                "bonus_info": false,
                "exchange_rate": 1.0,
                "bingo_type": "90",
                "number_of_players": 0.0,
                "themeid": "",
                "gvc_game_type_id": "288230376151711744",
                "game_tags": [
                    "new"
                ],
                "sort_weight": 0.0,
                "ticket_limits": {
                    "max_tickets": 3.0,
                    "min_tickets": 1.0
                },
                "lobby_inactive": false,
                "name": "BRB Sit and go",
                "prebuy_process": 10.0,
                "pjps_in_player_currency": [],
                "status": {
                    "time_remaining": 0.0,
                    "state_start_time": 1.704889321142985E9,
                    "state_end_time": null,
                    "state": "waiting"
                },
                "currencies": [
                    "Cash_GBP"
                ]
            },
            {
                "insurance": false,
                "card_price_in_player_currency": {
                    "Cash": 0.1
                },
                "prebuy_enabled": false,
                "pjps": [],
                "max_player_limit": null,
                "feature_details": {},
                "tournament_enabled": false,
                "round_id": 8.27817048898E13,
                "features": [
                    "live_streaming"
                ],
                "pot": {
                    "Freespins_GBP": 0.0,
                    "Points_GBP": 0.0,
                    "Cash_GBP": 33.0,
                    "Bonus_GBP": 0.0,
                    "Freetickets_GBP": 0.0
                },
                "chat_room_id": 107.0,
                "bingo_variant": "bingo",
                "id": "8278",
                "pot_in_player_currency": {
                    "Bonus": 0.0,
                    "Cash": 33.0
                },
                "card_price": {
                    "Cash_GBP": 0.1
                },
                "feature_win_info": {
                    "live_streaming": {}
                },
                "bonus_info": false,
                "exchange_rate": 1.0,
                "bingo_type": "90",
                "number_of_players": 0.0,
                "themeid": "",
                "gvc_game_type_id": "288230376151711744",
                "game_tags": [
                    "new"
                ],
                "sort_weight": 0.0,
                "ticket_limits": {
                    "max_tickets": 120.0,
                    "min_tickets": 1.0
                },
                "lobby_inactive": false,
                "name": "socketdp",
                "prebuy_process": null,
                "pjps_in_player_currency": [],
                "status": {
                    "time_remaining": 437.0,
                    "state_start_time": 1.70488931375997E9,
                    "state_end_time": 1705088876,
                    "state": "waiting"
                },
                "currencies": [
                    "Cash_GBP"
                ]
            }
        ]
    },
    "responseCode": "0",
    "responseMessage": "SUCCESS"
}
