{
  "images" : [
    {
      "filename" : "Info@1x.png",
      "idiom" : "universal",
      "scale" : "1x"
    },
    {
      "filename" : "Info@2x.png",
      "idiom" : "universal",
      "scale" : "2x"
    },
    {
      "filename" : "Info@3x.png",
      "idiom" : "universal",
      "scale" : "3x"
    },
    {
      "filename" : "Info-3.png",
      "idiom" : "universal",
      "scale" : "1x",
      "unassigned" : true
    },
    {
      "filename" : "Info.png",
      "idiom" : "universal",
      "scale" : "1x",
      "unassigned" : true
    }
  ],
  "info" : {
    "author" : "xcode",
    "version" : 1
  }
}
